id,login,node_id,avatar_url,gravatar_id,url,html_url,followers_url,following_url,gists_url,starred_url,subscriptions_url,organizations_url,repos_url,events_url,received_events_url,type,site_admin,contributions
21655,rmccue,MDQ6VXNlcjIxNjU1,"https://avatars.githubusercontent.com/u/21655?v=4",,"https://api.github.com/users/rmccue","https://github.com/rmccue","https://api.github.com/users/rmccue/followers","https://api.github.com/users/rmccue/following{/other_user}","https://api.github.com/users/rmccue/gists{/gist_id}","https://api.github.com/users/rmccue/starred{/owner}{/repo}","https://api.github.com/users/rmccue/subscriptions","https://api.github.com/users/rmccue/orgs","https://api.github.com/users/rmccue/repos","https://api.github.com/users/rmccue/events{/privacy}","https://api.github.com/users/rmccue/received_events",User,false,72
8985705,antpb,MDQ6VXNlcjg5ODU3MDU=,"https://avatars.githubusercontent.com/u/8985705?v=4",,"https://api.github.com/users/antpb",https://github.com/antpb,"https://api.github.com/users/antpb/followers","https://api.github.com/users/antpb/following{/other_user}","https://api.github.com/users/antpb/gists{/gist_id}","https://api.github.com/users/antpb/starred{/owner}{/repo}","https://api.github.com/users/antpb/subscriptions","https://api.github.com/users/antpb/orgs","https://api.github.com/users/antpb/repos","https://api.github.com/users/antpb/events{/privacy}","https://api.github.com/users/antpb/received_events",User,false,37
88951,JJJ,MDQ6VXNlcjg4OTUx,"https://avatars.githubusercontent.com/u/88951?v=4",,"https://api.github.com/users/JJJ",https://github.com/JJJ,"https://api.github.com/users/JJJ/followers","https://api.github.com/users/JJJ/following{/other_user}","https://api.github.com/users/JJJ/gists{/gist_id}","https://api.github.com/users/JJJ/starred{/owner}{/repo}","https://api.github.com/users/JJJ/subscriptions","https://api.github.com/users/JJJ/orgs","https://api.github.com/users/JJJ/repos","https://api.github.com/users/JJJ/events{/privacy}","https://api.github.com/users/JJJ/received_events",User,false,4
1900750,dream-encode,MDQ6VXNlcjE5MDA3NTA=,"https://avatars.githubusercontent.com/u/1900750?v=4",,"https://api.github.com/users/dream-encode","https://github.com/dream-encode","https://api.github.com/users/dream-encode/followers","https://api.github.com/users/dream-encode/following{/other_user}","https://api.github.com/users/dream-encode/gists{/gist_id}","https://api.github.com/users/dream-encode/starred{/owner}{/repo}","https://api.github.com/users/dream-encode/subscriptions","https://api.github.com/users/dream-encode/orgs","https://api.github.com/users/dream-encode/repos","https://api.github.com/users/dream-encode/events{/privacy}","https://api.github.com/users/dream-encode/received_events",User,false,23
34601694,ianbelanger79,MDQ6VXNlcjM0NjAxNjk0,"https://avatars.githubusercontent.com/u/34601694?v=4",,"https://api.github.com/users/ianbelanger79","https://github.com/ianbelanger79","https://api.github.com/users/ianbelanger79/followers","https://api.github.com/users/ianbelanger79/following{/other_user}","https://api.github.com/users/ianbelanger79/gists{/gist_id}","https://api.github.com/users/ianbelanger79/starred{/owner}{/repo}","https://api.github.com/users/ianbelanger79/subscriptions","https://api.github.com/users/ianbelanger79/orgs","https://api.github.com/users/ianbelanger79/repos","https://api.github.com/users/ianbelanger79/events{/privacy}","https://api.github.com/users/ianbelanger79/received_events",User,false,57
144512,SergeyBiryukov,MDQ6VXNlcjE0NDUxMg==,"https://avatars.githubusercontent.com/u/144512?v=4",,"https://api.github.com/users/SergeyBiryukov","https://github.com/SergeyBiryukov","https://api.github.com/users/SergeyBiryukov/followers","https://api.github.com/users/SergeyBiryukov/following{/other_user}","https://api.github.com/users/SergeyBiryukov/gists{/gist_id}","https://api.github.com/users/SergeyBiryukov/starred{/owner}{/repo}","https://api.github.com/users/SergeyBiryukov/subscriptions","https://api.github.com/users/SergeyBiryukov/orgs","https://api.github.com/users/SergeyBiryukov/repos","https://api.github.com/users/SergeyBiryukov/events{/privacy}","https://api.github.com/users/SergeyBiryukov/received_events",User,false,4758
841956,swissspidy,MDQ6VXNlcjg0MTk1Ng==,"https://avatars.githubusercontent.com/u/841956?v=4",,"https://api.github.com/users/swissspidy","https://github.com/swissspidy","https://api.github.com/users/swissspidy/followers","https://api.github.com/users/swissspidy/following{/other_user}","https://api.github.com/users/swissspidy/gists{/gist_id}","https://api.github.com/users/swissspidy/starred{/owner}{/repo}","https://api.github.com/users/swissspidy/subscriptions","https://api.github.com/users/swissspidy/orgs","https://api.github.com/users/swissspidy/repos","https://api.github.com/users/swissspidy/events{/privacy}","https://api.github.com/users/swissspidy/received_events",User,false,228
1682452,afercia,MDQ6VXNlcjE2ODI0NTI=,"https://avatars.githubusercontent.com/u/1682452?v=4",,"https://api.github.com/users/afercia","https://github.com/afercia","https://api.github.com/users/afercia/followers","https://api.github.com/users/afercia/following{/other_user}","https://api.github.com/users/afercia/gists{/gist_id}","https://api.github.com/users/afercia/starred{/owner}{/repo}","https://api.github.com/users/afercia/subscriptions","https://api.github.com/users/afercia/orgs","https://api.github.com/users/afercia/repos","https://api.github.com/users/afercia/events{/privacy}","https://api.github.com/users/afercia/received_events",User,false,454
621103,joncave,MDQ6VXNlcjYyMTEwMw==,"https://avatars.githubusercontent.com/u/621103?v=4",,"https://api.github.com/users/joncave","https://github.com/joncave","https://api.github.com/users/joncave/followers","https://api.github.com/users/joncave/following{/other_user}","https://api.github.com/users/joncave/gists{/gist_id}","https://api.github.com/users/joncave/starred{/owner}{/repo}","https://api.github.com/users/joncave/subscriptions","https://api.github.com/users/joncave/orgs","https://api.github.com/users/joncave/repos","https://api.github.com/users/joncave/events{/privacy}","https://api.github.com/users/joncave/received_events",User,false,29
246627,boonebgorges,MDQ6VXNlcjI0NjYyNw==,"https://avatars.githubusercontent.com/u/246627?v=4",,"https://api.github.com/users/boonebgorges","https://github.com/boonebgorges","https://api.github.com/users/boonebgorges/followers","https://api.github.com/users/boonebgorges/following{/other_user}","https://api.github.com/users/boonebgorges/gists{/gist_id}","https://api.github.com/users/boonebgorges/starred{/owner}{/repo}","https://api.github.com/users/boonebgorges/subscriptions","https://api.github.com/users/boonebgorges/orgs","https://api.github.com/users/boonebgorges/repos","https://api.github.com/users/boonebgorges/events{/privacy}","https://api.github.com/users/boonebgorges/received_events",User,false,811
66797,lancewillett,MDQ6VXNlcjY2Nzk3,"https://avatars.githubusercontent.com/u/66797?v=4",,"https://api.github.com/users/lancewillett","https://github.com/lancewillett","https://api.github.com/users/lancewillett/followers","https://api.github.com/users/lancewillett/following{/other_user}","https://api.github.com/users/lancewillett/gists{/gist_id}","https://api.github.com/users/lancewillett/starred{/owner}{/repo}","https://api.github.com/users/lancewillett/subscriptions","https://api.github.com/users/lancewillett/orgs","https://api.github.com/users/lancewillett/repos","https://api.github.com/users/lancewillett/events{/privacy}","https://api.github.com/users/lancewillett/received_events",User,false,758
551898,westi,MDQ6VXNlcjU1MTg5OA==,"https://avatars.githubusercontent.com/u/551898?v=4",,"https://api.github.com/users/westi",https://github.com/westi,"https://api.github.com/users/westi/followers","https://api.github.com/users/westi/following{/other_user}","https://api.github.com/users/westi/gists{/gist_id}","https://api.github.com/users/westi/starred{/owner}{/repo}","https://api.github.com/users/westi/subscriptions","https://api.github.com/users/westi/orgs","https://api.github.com/users/westi/repos","https://api.github.com/users/westi/events{/privacy}","https://api.github.com/users/westi/received_events",User,false,56
359867,desrosj,MDQ6VXNlcjM1OTg2Nw==,"https://avatars.githubusercontent.com/u/359867?v=4",,"https://api.github.com/users/desrosj","https://github.com/desrosj","https://api.github.com/users/desrosj/followers","https://api.github.com/users/desrosj/following{/other_user}","https://api.github.com/users/desrosj/gists{/gist_id}","https://api.github.com/users/desrosj/starred{/owner}{/repo}","https://api.github.com/users/desrosj/subscriptions","https://api.github.com/users/desrosj/orgs","https://api.github.com/users/desrosj/repos","https://api.github.com/users/desrosj/events{/privacy}","https://api.github.com/users/desrosj/received_events",User,false,646
995399,DrewAPicture,MDQ6VXNlcjk5NTM5OQ==,"https://avatars.githubusercontent.com/u/995399?v=4",,"https://api.github.com/users/DrewAPicture","https://github.com/DrewAPicture","https://api.github.com/users/DrewAPicture/followers","https://api.github.com/users/DrewAPicture/following{/other_user}","https://api.github.com/users/DrewAPicture/gists{/gist_id}","https://api.github.com/users/DrewAPicture/starred{/owner}{/repo}","https://api.github.com/users/DrewAPicture/subscriptions","https://api.github.com/users/DrewAPicture/orgs","https://api.github.com/users/DrewAPicture/repos","https://api.github.com/users/DrewAPicture/events{/privacy}","https://api.github.com/users/DrewAPicture/received_events",User,false,1665
484068,iandunn,MDQ6VXNlcjQ4NDA2OA==,"https://avatars.githubusercontent.com/u/484068?v=4",,"https://api.github.com/users/iandunn","https://github.com/iandunn","https://api.github.com/users/iandunn/followers","https://api.github.com/users/iandunn/following{/other_user}","https://api.github.com/users/iandunn/gists{/gist_id}","https://api.github.com/users/iandunn/starred{/owner}{/repo}","https://api.github.com/users/iandunn/subscriptions","https://api.github.com/users/iandunn/orgs","https://api.github.com/users/iandunn/repos","https://api.github.com/users/iandunn/events{/privacy}","https://api.github.com/users/iandunn/received_events",User,false,56
352291,pento,MDQ6VXNlcjM1MjI5MQ==,"https://avatars.githubusercontent.com/u/352291?v=4",,"https://api.github.com/users/pento",https://github.com/pento,"https://api.github.com/users/pento/followers","https://api.github.com/users/pento/following{/other_user}","https://api.github.com/users/pento/gists{/gist_id}","https://api.github.com/users/pento/starred{/owner}{/repo}","https://api.github.com/users/pento/subscriptions","https://api.github.com/users/pento/orgs","https://api.github.com/users/pento/repos","https://api.github.com/users/pento/events{/privacy}","https://api.github.com/users/pento/received_events",User,false,699
663378,jrfnl,MDQ6VXNlcjY2MzM3OA==,"https://avatars.githubusercontent.com/u/663378?v=4",,"https://api.github.com/users/jrfnl",https://github.com/jrfnl,"https://api.github.com/users/jrfnl/followers","https://api.github.com/users/jrfnl/following{/other_user}","https://api.github.com/users/jrfnl/gists{/gist_id}","https://api.github.com/users/jrfnl/starred{/owner}{/repo}","https://api.github.com/users/jrfnl/subscriptions","https://api.github.com/users/jrfnl/orgs","https://api.github.com/users/jrfnl/repos","https://api.github.com/users/jrfnl/events{/privacy}","https://api.github.com/users/jrfnl/received_events",User,false,4
743931,azaozz,MDQ6VXNlcjc0MzkzMQ==,"https://avatars.githubusercontent.com/u/743931?v=4",,"https://api.github.com/users/azaozz","https://github.com/azaozz","https://api.github.com/users/azaozz/followers","https://api.github.com/users/azaozz/following{/other_user}","https://api.github.com/users/azaozz/gists{/gist_id}","https://api.github.com/users/azaozz/starred{/owner}{/repo}","https://api.github.com/users/azaozz/subscriptions","https://api.github.com/users/azaozz/orgs","https://api.github.com/users/azaozz/repos","https://api.github.com/users/azaozz/events{/privacy}","https://api.github.com/users/azaozz/received_events",User,false,1374
11271197,jorgefilipecosta,MDQ6VXNlcjExMjcxMTk3,"https://avatars.githubusercontent.com/u/11271197?v=4",,"https://api.github.com/users/jorgefilipecosta","https://github.com/jorgefilipecosta","https://api.github.com/users/jorgefilipecosta/followers","https://api.github.com/users/jorgefilipecosta/following{/other_user}","https://api.github.com/users/jorgefilipecosta/gists{/gist_id}","https://api.github.com/users/jorgefilipecosta/starred{/owner}{/repo}","https://api.github.com/users/jorgefilipecosta/subscriptions","https://api.github.com/users/jorgefilipecosta/orgs","https://api.github.com/users/jorgefilipecosta/repos","https://api.github.com/users/jorgefilipecosta/events{/privacy}","https://api.github.com/users/jorgefilipecosta/received_events",User,false,37
802412,aaroncampbell,MDQ6VXNlcjgwMjQxMg==,"https://avatars.githubusercontent.com/u/802412?v=4",,"https://api.github.com/users/aaroncampbell","https://github.com/aaroncampbell","https://api.github.com/users/aaroncampbell/followers","https://api.github.com/users/aaroncampbell/following{/other_user}","https://api.github.com/users/aaroncampbell/gists{/gist_id}","https://api.github.com/users/aaroncampbell/starred{/owner}{/repo}","https://api.github.com/users/aaroncampbell/subscriptions","https://api.github.com/users/aaroncampbell/orgs","https://api.github.com/users/aaroncampbell/repos","https://api.github.com/users/aaroncampbell/events{/privacy}","https://api.github.com/users/aaroncampbell/received_events",User,false,15
541093,ryelle,MDQ6VXNlcjU0MTA5Mw==,"https://avatars.githubusercontent.com/u/541093?v=4",,"https://api.github.com/users/ryelle","https://github.com/ryelle","https://api.github.com/users/ryelle/followers","https://api.github.com/users/ryelle/following{/other_user}","https://api.github.com/users/ryelle/gists{/gist_id}","https://api.github.com/users/ryelle/starred{/owner}{/repo}","https://api.github.com/users/ryelle/subscriptions","https://api.github.com/users/ryelle/orgs","https://api.github.com/users/ryelle/repos","https://api.github.com/users/ryelle/events{/privacy}","https://api.github.com/users/ryelle/received_events",User,false,59
48685,m,MDQ6VXNlcjQ4Njg1,"https://avatars.githubusercontent.com/u/48685?v=4",,"https://api.github.com/users/m",https://github.com/m,"https://api.github.com/users/m/followers","https://api.github.com/users/m/following{/other_user}","https://api.github.com/users/m/gists{/gist_id}","https://api.github.com/users/m/starred{/owner}{/repo}","https://api.github.com/users/m/subscriptions","https://api.github.com/users/m/orgs","https://api.github.com/users/m/repos","https://api.github.com/users/m/events{/privacy}","https://api.github.com/users/m/received_events",User,false,5
301442,koop,MDQ6VXNlcjMwMTQ0Mg==,"https://avatars.githubusercontent.com/u/301442?v=4",,"https://api.github.com/users/koop",https://github.com/koop,"https://api.github.com/users/koop/followers","https://api.github.com/users/koop/following{/other_user}","https://api.github.com/users/koop/gists{/gist_id}","https://api.github.com/users/koop/starred{/owner}{/repo}","https://api.github.com/users/koop/subscriptions","https://api.github.com/users/koop/orgs","https://api.github.com/users/koop/repos","https://api.github.com/users/koop/events{/privacy}","https://api.github.com/users/koop/received_events",User,false,317
519727,peterwilsoncc,MDQ6VXNlcjUxOTcyNw==,"https://avatars.githubusercontent.com/u/519727?v=4",,"https://api.github.com/users/peterwilsoncc","https://github.com/peterwilsoncc","https://api.github.com/users/peterwilsoncc/followers","https://api.github.com/users/peterwilsoncc/following{/other_user}","https://api.github.com/users/peterwilsoncc/gists{/gist_id}","https://api.github.com/users/peterwilsoncc/starred{/owner}{/repo}","https://api.github.com/users/peterwilsoncc/subscriptions","https://api.github.com/users/peterwilsoncc/orgs","https://api.github.com/users/peterwilsoncc/repos","https://api.github.com/users/peterwilsoncc/events{/privacy}","https://api.github.com/users/peterwilsoncc/received_events",User,false,178
208434,johnbillion,MDQ6VXNlcjIwODQzNA==,"https://avatars.githubusercontent.com/u/208434?v=4",,"https://api.github.com/users/johnbillion","https://github.com/johnbillion","https://api.github.com/users/johnbillion/followers","https://api.github.com/users/johnbillion/following{/other_user}","https://api.github.com/users/johnbillion/gists{/gist_id}","https://api.github.com/users/johnbillion/starred{/owner}{/repo}","https://api.github.com/users/johnbillion/subscriptions","https://api.github.com/users/johnbillion/orgs","https://api.github.com/users/johnbillion/repos","https://api.github.com/users/johnbillion/events{/privacy}","https://api.github.com/users/johnbillion/received_events",User,false,1031
27954,nb,MDQ6VXNlcjI3OTU0,"https://avatars.githubusercontent.com/u/27954?v=4",,"https://api.github.com/users/nb",https://github.com/nb,"https://api.github.com/users/nb/followers","https://api.github.com/users/nb/following{/other_user}","https://api.github.com/users/nb/gists{/gist_id}","https://api.github.com/users/nb/starred{/owner}{/repo}","https://api.github.com/users/nb/subscriptions","https://api.github.com/users/nb/orgs","https://api.github.com/users/nb/repos","https://api.github.com/users/nb/events{/privacy}","https://api.github.com/users/nb/received_events",User,false,14
52932,staylor,MDQ6VXNlcjUyOTMy,"https://avatars.githubusercontent.com/u/52932?v=4",,"https://api.github.com/users/staylor","https://github.com/staylor","https://api.github.com/users/staylor/followers","https://api.github.com/users/staylor/following{/other_user}","https://api.github.com/users/staylor/gists{/gist_id}","https://api.github.com/users/staylor/starred{/owner}{/repo}","https://api.github.com/users/staylor/subscriptions","https://api.github.com/users/staylor/orgs","https://api.github.com/users/staylor/repos","https://api.github.com/users/staylor/events{/privacy}","https://api.github.com/users/staylor/received_events",User,false,2047
227022,nylen,MDQ6VXNlcjIyNzAyMg==,"https://avatars.githubusercontent.com/u/227022?v=4",,"https://api.github.com/users/nylen",https://github.com/nylen,"https://api.github.com/users/nylen/followers","https://api.github.com/users/nylen/following{/other_user}","https://api.github.com/users/nylen/gists{/gist_id}","https://api.github.com/users/nylen/starred{/owner}{/repo}","https://api.github.com/users/nylen/subscriptions","https://api.github.com/users/nylen/orgs","https://api.github.com/users/nylen/repos","https://api.github.com/users/nylen/events{/privacy}","https://api.github.com/users/nylen/received_events",User,false,52
767313,dd32,MDQ6VXNlcjc2NzMxMw==,"https://avatars.githubusercontent.com/u/767313?v=4",,"https://api.github.com/users/dd32",https://github.com/dd32,"https://api.github.com/users/dd32/followers","https://api.github.com/users/dd32/following{/other_user}","https://api.github.com/users/dd32/gists{/gist_id}","https://api.github.com/users/dd32/starred{/owner}{/repo}","https://api.github.com/users/dd32/subscriptions","https://api.github.com/users/dd32/orgs","https://api.github.com/users/dd32/repos","https://api.github.com/users/dd32/events{/privacy}","https://api.github.com/users/dd32/received_events",User,false,476
2676022,adamsilverstein,MDQ6VXNlcjI2NzYwMjI=,"https://avatars.githubusercontent.com/u/2676022?v=4",,"https://api.github.com/users/adamsilverstein","https://github.com/adamsilverstein","https://api.github.com/users/adamsilverstein/followers","https://api.github.com/users/adamsilverstein/following{/other_user}","https://api.github.com/users/adamsilverstein/gists{/gist_id}","https://api.github.com/users/adamsilverstein/starred{/owner}{/repo}","https://api.github.com/users/adamsilverstein/subscriptions","https://api.github.com/users/adamsilverstein/orgs","https://api.github.com/users/adamsilverstein/repos","https://api.github.com/users/adamsilverstein/events{/privacy}","https://api.github.com/users/adamsilverstein/received_events",User,false,111
848187,whyisjake,MDQ6VXNlcjg0ODE4Nw==,"https://avatars.githubusercontent.com/u/848187?v=4",,"https://api.github.com/users/whyisjake","https://github.com/whyisjake","https://api.github.com/users/whyisjake/followers","https://api.github.com/users/whyisjake/following{/other_user}","https://api.github.com/users/whyisjake/gists{/gist_id}","https://api.github.com/users/whyisjake/starred{/owner}{/repo}","https://api.github.com/users/whyisjake/subscriptions","https://api.github.com/users/whyisjake/orgs","https://api.github.com/users/whyisjake/repos","https://api.github.com/users/whyisjake/events{/privacy}","https://api.github.com/users/whyisjake/received_events",User,false,203
699132,gziolo,MDQ6VXNlcjY5OTEzMg==,"https://avatars.githubusercontent.com/u/699132?v=4",,"https://api.github.com/users/gziolo","https://github.com/gziolo","https://api.github.com/users/gziolo/followers","https://api.github.com/users/gziolo/following{/other_user}","https://api.github.com/users/gziolo/gists{/gist_id}","https://api.github.com/users/gziolo/starred{/owner}{/repo}","https://api.github.com/users/gziolo/subscriptions","https://api.github.com/users/gziolo/orgs","https://api.github.com/users/gziolo/repos","https://api.github.com/users/gziolo/events{/privacy}","https://api.github.com/users/gziolo/received_events",User,false,56
177561,laurelfulford,MDQ6VXNlcjE3NzU2MQ==,"https://avatars.githubusercontent.com/u/177561?v=4",,"https://api.github.com/users/laurelfulford","https://github.com/laurelfulford","https://api.github.com/users/laurelfulford/followers","https://api.github.com/users/laurelfulford/following{/other_user}","https://api.github.com/users/laurelfulford/gists{/gist_id}","https://api.github.com/users/laurelfulford/starred{/owner}{/repo}","https://api.github.com/users/laurelfulford/subscriptions","https://api.github.com/users/laurelfulford/orgs","https://api.github.com/users/laurelfulford/repos","https://api.github.com/users/laurelfulford/events{/privacy}","https://api.github.com/users/laurelfulford/received_events",User,false,28
1123119,MichaelArestad,MDQ6VXNlcjExMjMxMTk=,"https://avatars.githubusercontent.com/u/1123119?v=4",,"https://api.github.com/users/MichaelArestad","https://github.com/MichaelArestad","https://api.github.com/users/MichaelArestad/followers","https://api.github.com/users/MichaelArestad/following{/other_user}","https://api.github.com/users/MichaelArestad/gists{/gist_id}","https://api.github.com/users/MichaelArestad/starred{/owner}{/repo}","https://api.github.com/users/MichaelArestad/subscriptions","https://api.github.com/users/MichaelArestad/orgs","https://api.github.com/users/MichaelArestad/repos","https://api.github.com/users/MichaelArestad/events{/privacy}","https://api.github.com/users/MichaelArestad/received_events",User,false,3
286171,jeremyfelt,MDQ6VXNlcjI4NjE3MQ==,"https://avatars.githubusercontent.com/u/286171?v=4",,"https://api.github.com/users/jeremyfelt","https://github.com/jeremyfelt","https://api.github.com/users/jeremyfelt/followers","https://api.github.com/users/jeremyfelt/following{/other_user}","https://api.github.com/users/jeremyfelt/gists{/gist_id}","https://api.github.com/users/jeremyfelt/starred{/owner}{/repo}","https://api.github.com/users/jeremyfelt/subscriptions","https://api.github.com/users/jeremyfelt/orgs","https://api.github.com/users/jeremyfelt/repos","https://api.github.com/users/jeremyfelt/events{/privacy}","https://api.github.com/users/jeremyfelt/received_events",User,false,353
548849,mtias,MDQ6VXNlcjU0ODg0OQ==,"https://avatars.githubusercontent.com/u/548849?v=4",,"https://api.github.com/users/mtias",https://github.com/mtias,"https://api.github.com/users/mtias/followers","https://api.github.com/users/mtias/following{/other_user}","https://api.github.com/users/mtias/gists{/gist_id}","https://api.github.com/users/mtias/starred{/owner}{/repo}","https://api.github.com/users/mtias/subscriptions","https://api.github.com/users/mtias/orgs","https://api.github.com/users/mtias/repos","https://api.github.com/users/mtias/events{/privacy}","https://api.github.com/users/mtias/received_events",User,false,2
442115,kadamwhite,MDQ6VXNlcjQ0MjExNQ==,"https://avatars.githubusercontent.com/u/442115?v=4",,"https://api.github.com/users/kadamwhite","https://github.com/kadamwhite","https://api.github.com/users/kadamwhite/followers","https://api.github.com/users/kadamwhite/following{/other_user}","https://api.github.com/users/kadamwhite/gists{/gist_id}","https://api.github.com/users/kadamwhite/starred{/owner}{/repo}","https://api.github.com/users/kadamwhite/subscriptions","https://api.github.com/users/kadamwhite/orgs","https://api.github.com/users/kadamwhite/repos","https://api.github.com/users/kadamwhite/events{/privacy}","https://api.github.com/users/kadamwhite/received_events",User,false,62
801097,joemcgill,MDQ6VXNlcjgwMTA5Nw==,"https://avatars.githubusercontent.com/u/801097?v=4",,"https://api.github.com/users/joemcgill","https://github.com/joemcgill","https://api.github.com/users/joemcgill/followers","https://api.github.com/users/joemcgill/following{/other_user}","https://api.github.com/users/joemcgill/gists{/gist_id}","https://api.github.com/users/joemcgill/starred{/owner}{/repo}","https://api.github.com/users/joemcgill/subscriptions","https://api.github.com/users/joemcgill/orgs","https://api.github.com/users/joemcgill/repos","https://api.github.com/users/joemcgill/events{/privacy}","https://api.github.com/users/joemcgill/received_events",User,false,74
108344,kovshenin,MDQ6VXNlcjEwODM0NA==,"https://avatars.githubusercontent.com/u/108344?v=4",,"https://api.github.com/users/kovshenin","https://github.com/kovshenin","https://api.github.com/users/kovshenin/followers","https://api.github.com/users/kovshenin/following{/other_user}","https://api.github.com/users/kovshenin/gists{/gist_id}","https://api.github.com/users/kovshenin/starred{/owner}{/repo}","https://api.github.com/users/kovshenin/subscriptions","https://api.github.com/users/kovshenin/orgs","https://api.github.com/users/kovshenin/repos","https://api.github.com/users/kovshenin/events{/privacy}","https://api.github.com/users/kovshenin/received_events",User,false,8
1779930,aduth,MDQ6VXNlcjE3Nzk5MzA=,"https://avatars.githubusercontent.com/u/1779930?v=4",,"https://api.github.com/users/aduth",https://github.com/aduth,"https://api.github.com/users/aduth/followers","https://api.github.com/users/aduth/following{/other_user}","https://api.github.com/users/aduth/gists{/gist_id}","https://api.github.com/users/aduth/starred{/owner}{/repo}","https://api.github.com/users/aduth/subscriptions","https://api.github.com/users/aduth/orgs","https://api.github.com/users/aduth/repos","https://api.github.com/users/aduth/events{/privacy}","https://api.github.com/users/aduth/received_events",User,false,6
584693,atimmer,MDQ6VXNlcjU4NDY5Mw==,"https://avatars.githubusercontent.com/u/584693?v=4",,"https://api.github.com/users/atimmer","https://github.com/atimmer","https://api.github.com/users/atimmer/followers","https://api.github.com/users/atimmer/following{/other_user}","https://api.github.com/users/atimmer/gists{/gist_id}","https://api.github.com/users/atimmer/starred{/owner}{/repo}","https://api.github.com/users/atimmer/subscriptions","https://api.github.com/users/atimmer/orgs","https://api.github.com/users/atimmer/repos","https://api.github.com/users/atimmer/events{/privacy}","https://api.github.com/users/atimmer/received_events",User,false,56
161683,joehoyle,MDQ6VXNlcjE2MTY4Mw==,"https://avatars.githubusercontent.com/u/161683?v=4",,"https://api.github.com/users/joehoyle","https://github.com/joehoyle","https://api.github.com/users/joehoyle/followers","https://api.github.com/users/joehoyle/following{/other_user}","https://api.github.com/users/joehoyle/gists{/gist_id}","https://api.github.com/users/joehoyle/starred{/owner}{/repo}","https://api.github.com/users/joehoyle/subscriptions","https://api.github.com/users/joehoyle/orgs","https://api.github.com/users/joehoyle/repos","https://api.github.com/users/joehoyle/events{/privacy}","https://api.github.com/users/joehoyle/received_events",User,false,51
1087646,ericandrewlewis,MDQ6VXNlcjEwODc2NDY=,"https://avatars.githubusercontent.com/u/1087646?v=4",,"https://api.github.com/users/ericandrewlewis","https://github.com/ericandrewlewis","https://api.github.com/users/ericandrewlewis/followers","https://api.github.com/users/ericandrewlewis/following{/other_user}","https://api.github.com/users/ericandrewlewis/gists{/gist_id}","https://api.github.com/users/ericandrewlewis/starred{/owner}{/repo}","https://api.github.com/users/ericandrewlewis/subscriptions","https://api.github.com/users/ericandrewlewis/orgs","https://api.github.com/users/ericandrewlewis/repos","https://api.github.com/users/ericandrewlewis/events{/privacy}","https://api.github.com/users/ericandrewlewis/received_events",User,false,38
1473618,davidakennedy,MDQ6VXNlcjE0NzM2MTg=,"https://avatars.githubusercontent.com/u/1473618?v=4",,"https://api.github.com/users/davidakennedy","https://github.com/davidakennedy","https://api.github.com/users/davidakennedy/followers","https://api.github.com/users/davidakennedy/following{/other_user}","https://api.github.com/users/davidakennedy/gists{/gist_id}","https://api.github.com/users/davidakennedy/starred{/owner}{/repo}","https://api.github.com/users/davidakennedy/subscriptions","https://api.github.com/users/davidakennedy/orgs","https://api.github.com/users/davidakennedy/repos","https://api.github.com/users/davidakennedy/events{/privacy}","https://api.github.com/users/davidakennedy/received_events",User,false,66
1488816,omarreiss,MDQ6VXNlcjE0ODg4MTY=,"https://avatars.githubusercontent.com/u/1488816?v=4",,"https://api.github.com/users/omarreiss","https://github.com/omarreiss","https://api.github.com/users/omarreiss/followers","https://api.github.com/users/omarreiss/following{/other_user}","https://api.github.com/users/omarreiss/gists{/gist_id}","https://api.github.com/users/omarreiss/starred{/owner}{/repo}","https://api.github.com/users/omarreiss/subscriptions","https://api.github.com/users/omarreiss/orgs","https://api.github.com/users/omarreiss/repos","https://api.github.com/users/omarreiss/events{/privacy}","https://api.github.com/users/omarreiss/received_events",User,false,1
612155,noisysocks,MDQ6VXNlcjYxMjE1NQ==,"https://avatars.githubusercontent.com/u/612155?v=4",,"https://api.github.com/users/noisysocks","https://github.com/noisysocks","https://api.github.com/users/noisysocks/followers","https://api.github.com/users/noisysocks/following{/other_user}","https://api.github.com/users/noisysocks/gists{/gist_id}","https://api.github.com/users/noisysocks/starred{/owner}{/repo}","https://api.github.com/users/noisysocks/subscriptions","https://api.github.com/users/noisysocks/orgs","https://api.github.com/users/noisysocks/repos","https://api.github.com/users/noisysocks/events{/privacy}","https://api.github.com/users/noisysocks/received_events",User,false,45
1034160,getsource,MDQ6VXNlcjEwMzQxNjA=,"https://avatars.githubusercontent.com/u/1034160?v=4",,"https://api.github.com/users/getsource","https://github.com/getsource","https://api.github.com/users/getsource/followers","https://api.github.com/users/getsource/following{/other_user}","https://api.github.com/users/getsource/gists{/gist_id}","https://api.github.com/users/getsource/starred{/owner}{/repo}","https://api.github.com/users/getsource/subscriptions","https://api.github.com/users/getsource/orgs","https://api.github.com/users/getsource/repos","https://api.github.com/users/getsource/events{/privacy}","https://api.github.com/users/getsource/received_events",User,false,53
359867,desrosj,MDQ6VXNlcjM1OTg2Nw==,"https://avatars.githubusercontent.com/u/359867?v=4",,"https://api.github.com/users/desrosj","https://github.com/desrosj","https://api.github.com/users/desrosj/followers","https://api.github.com/users/desrosj/following{/other_user}","https://api.github.com/users/desrosj/gists{/gist_id}","https://api.github.com/users/desrosj/starred{/owner}{/repo}","https://api.github.com/users/desrosj/subscriptions","https://api.github.com/users/desrosj/orgs","https://api.github.com/users/desrosj/repos","https://api.github.com/users/desrosj/events{/privacy}","https://api.github.com/users/desrosj/received_events",User,false,645
1398304,obenland,MDQ6VXNlcjEzOTgzMDQ=,"https://avatars.githubusercontent.com/u/1398304?v=4",,"https://api.github.com/users/obenland","https://github.com/obenland","https://api.github.com/users/obenland/followers","https://api.github.com/users/obenland/following{/other_user}","https://api.github.com/users/obenland/gists{/gist_id}","https://api.github.com/users/obenland/starred{/owner}{/repo}","https://api.github.com/users/obenland/subscriptions","https://api.github.com/users/obenland/orgs","https://api.github.com/users/obenland/repos","https://api.github.com/users/obenland/events{/privacy}","https://api.github.com/users/obenland/received_events",User,false,217
4710635,ellatrix,MDQ6VXNlcjQ3MTA2MzU=,"https://avatars.githubusercontent.com/u/4710635?v=4",,"https://api.github.com/users/ellatrix","https://github.com/ellatrix","https://api.github.com/users/ellatrix/followers","https://api.github.com/users/ellatrix/following{/other_user}","https://api.github.com/users/ellatrix/gists{/gist_id}","https://api.github.com/users/ellatrix/starred{/owner}{/repo}","https://api.github.com/users/ellatrix/subscriptions","https://api.github.com/users/ellatrix/orgs","https://api.github.com/users/ellatrix/repos","https://api.github.com/users/ellatrix/events{/privacy}","https://api.github.com/users/ellatrix/received_events",User,false,118
272444,youknowriad,MDQ6VXNlcjI3MjQ0NA==,"https://avatars.githubusercontent.com/u/272444?v=4",,"https://api.github.com/users/youknowriad","https://github.com/youknowriad","https://api.github.com/users/youknowriad/followers","https://api.github.com/users/youknowriad/following{/other_user}","https://api.github.com/users/youknowriad/gists{/gist_id}","https://api.github.com/users/youknowriad/starred{/owner}{/repo}","https://api.github.com/users/youknowriad/subscriptions","https://api.github.com/users/youknowriad/orgs","https://api.github.com/users/youknowriad/repos","https://api.github.com/users/youknowriad/events{/privacy}","https://api.github.com/users/youknowriad/received_events",User,false,57
3460448,TimothyBJacobs,MDQ6VXNlcjM0NjA0NDg=,"https://avatars.githubusercontent.com/u/3460448?v=4",,"https://api.github.com/users/TimothyBJacobs","https://github.com/TimothyBJacobs","https://api.github.com/users/TimothyBJacobs/followers","https://api.github.com/users/TimothyBJacobs/following{/other_user}","https://api.github.com/users/TimothyBJacobs/gists{/gist_id}","https://api.github.com/users/TimothyBJacobs/starred{/owner}{/repo}","https://api.github.com/users/TimothyBJacobs/subscriptions","https://api.github.com/users/TimothyBJacobs/orgs","https://api.github.com/users/TimothyBJacobs/repos","https://api.github.com/users/TimothyBJacobs/events{/privacy}","https://api.github.com/users/TimothyBJacobs/received_events",User,false,119
1686451,joedolson,MDQ6VXNlcjE2ODY0NTE=,"https://avatars.githubusercontent.com/u/1686451?v=4",,"https://api.github.com/users/joedolson","https://github.com/joedolson","https://api.github.com/users/joedolson/followers","https://api.github.com/users/joedolson/following{/other_user}","https://api.github.com/users/joedolson/gists{/gist_id}","https://api.github.com/users/joedolson/starred{/owner}{/repo}","https://api.github.com/users/joedolson/subscriptions","https://api.github.com/users/joedolson/orgs","https://api.github.com/users/joedolson/repos","https://api.github.com/users/joedolson/events{/privacy}","https://api.github.com/users/joedolson/received_events",User,false,21
134745,westonruter,MDQ6VXNlcjEzNDc0NQ==,"https://avatars.githubusercontent.com/u/134745?v=4",,"https://api.github.com/users/westonruter","https://github.com/westonruter","https://api.github.com/users/westonruter/followers","https://api.github.com/users/westonruter/following{/other_user}","https://api.github.com/users/westonruter/gists{/gist_id}","https://api.github.com/users/westonruter/starred{/owner}{/repo}","https://api.github.com/users/westonruter/subscriptions","https://api.github.com/users/westonruter/orgs","https://api.github.com/users/westonruter/repos","https://api.github.com/users/westonruter/events{/privacy}","https://api.github.com/users/westonruter/received_events",User,false,619
622599,aaronjorbin,MDQ6VXNlcjYyMjU5OQ==,"https://avatars.githubusercontent.com/u/622599?v=4",,"https://api.github.com/users/aaronjorbin","https://github.com/aaronjorbin","https://api.github.com/users/aaronjorbin/followers","https://api.github.com/users/aaronjorbin/following{/other_user}","https://api.github.com/users/aaronjorbin/gists{/gist_id}","https://api.github.com/users/aaronjorbin/starred{/owner}{/repo}","https://api.github.com/users/aaronjorbin/subscriptions","https://api.github.com/users/aaronjorbin/orgs","https://api.github.com/users/aaronjorbin/repos","https://api.github.com/users/aaronjorbin/events{/privacy}","https://api.github.com/users/aaronjorbin/received_events",User,false,268
3531426,felixarntz,MDQ6VXNlcjM1MzE0MjY=,"https://avatars.githubusercontent.com/u/3531426?v=4",,"https://api.github.com/users/felixarntz","https://github.com/felixarntz","https://api.github.com/users/felixarntz/followers","https://api.github.com/users/felixarntz/following{/other_user}","https://api.github.com/users/felixarntz/gists{/gist_id}","https://api.github.com/users/felixarntz/starred{/owner}{/repo}","https://api.github.com/users/felixarntz/subscriptions","https://api.github.com/users/felixarntz/orgs","https://api.github.com/users/felixarntz/repos","https://api.github.com/users/felixarntz/events{/privacy}","https://api.github.com/users/felixarntz/received_events",User,false,171
208434,johnbillion,MDQ6VXNlcjIwODQzNA==,"https://avatars.githubusercontent.com/u/208434?v=4",,"https://api.github.com/users/johnbillion","https://github.com/johnbillion","https://api.github.com/users/johnbillion/followers","https://api.github.com/users/johnbillion/following{/other_user}","https://api.github.com/users/johnbillion/gists{/gist_id}","https://api.github.com/users/johnbillion/starred{/owner}{/repo}","https://api.github.com/users/johnbillion/subscriptions","https://api.github.com/users/johnbillion/orgs","https://api.github.com/users/johnbillion/repos","https://api.github.com/users/johnbillion/events{/privacy}","https://api.github.com/users/johnbillion/received_events",User,false,1025
7200686,tellyworth,MDQ6VXNlcjcyMDA2ODY=,"https://avatars.githubusercontent.com/u/7200686?v=4",,"https://api.github.com/users/tellyworth","https://github.com/tellyworth","https://api.github.com/users/tellyworth/followers","https://api.github.com/users/tellyworth/following{/other_user}","https://api.github.com/users/tellyworth/gists{/gist_id}","https://api.github.com/users/tellyworth/starred{/owner}{/repo}","https://api.github.com/users/tellyworth/subscriptions","https://api.github.com/users/tellyworth/orgs","https://api.github.com/users/tellyworth/repos","https://api.github.com/users/tellyworth/events{/privacy}","https://api.github.com/users/tellyworth/received_events",User,false,8
617637,ocean90,MDQ6VXNlcjYxNzYzNw==,"https://avatars.githubusercontent.com/u/617637?v=4",,"https://api.github.com/users/ocean90","https://github.com/ocean90","https://api.github.com/users/ocean90/followers","https://api.github.com/users/ocean90/following{/other_user}","https://api.github.com/users/ocean90/gists{/gist_id}","https://api.github.com/users/ocean90/starred{/owner}{/repo}","https://api.github.com/users/ocean90/subscriptions","https://api.github.com/users/ocean90/orgs","https://api.github.com/users/ocean90/repos","https://api.github.com/users/ocean90/events{/privacy}","https://api.github.com/users/ocean90/received_events",User,false,1206
353790,markjaquith,MDQ6VXNlcjM1Mzc5MA==,"https://avatars.githubusercontent.com/u/353790?v=4",,"https://api.github.com/users/markjaquith","https://github.com/markjaquith","https://api.github.com/users/markjaquith/followers","https://api.github.com/users/markjaquith/following{/other_user}","https://api.github.com/users/markjaquith/gists{/gist_id}","https://api.github.com/users/markjaquith/starred{/owner}{/repo}","https://api.github.com/users/markjaquith/subscriptions","https://api.github.com/users/markjaquith/orgs","https://api.github.com/users/markjaquith/repos","https://api.github.com/users/markjaquith/events{/privacy}","https://api.github.com/users/markjaquith/received_events",User,false,330
468735,Clorith,MDQ6VXNlcjQ2ODczNQ==,"https://avatars.githubusercontent.com/u/468735?v=4",,"https://api.github.com/users/Clorith","https://github.com/Clorith","https://api.github.com/users/Clorith/followers","https://api.github.com/users/Clorith/following{/other_user}","https://api.github.com/users/Clorith/gists{/gist_id}","https://api.github.com/users/Clorith/starred{/owner}{/repo}","https://api.github.com/users/Clorith/subscriptions","https://api.github.com/users/Clorith/orgs","https://api.github.com/users/Clorith/repos","https://api.github.com/users/Clorith/events{/privacy}","https://api.github.com/users/Clorith/received_events",User,false,8
272784,nacin,MDQ6VXNlcjI3Mjc4NA==,"https://avatars.githubusercontent.com/u/272784?v=4",,"https://api.github.com/users/nacin",https://github.com/nacin,"https://api.github.com/users/nacin/followers","https://api.github.com/users/nacin/following{/other_user}","https://api.github.com/users/nacin/gists{/gist_id}","https://api.github.com/users/nacin/starred{/owner}{/repo}","https://api.github.com/users/nacin/subscriptions","https://api.github.com/users/nacin/orgs","https://api.github.com/users/nacin/repos","https://api.github.com/users/nacin/events{/privacy}","https://api.github.com/users/nacin/received_events",User,false,2258
979807,rachelbaker,MDQ6VXNlcjk3OTgwNw==,"https://avatars.githubusercontent.com/u/979807?v=4",,"https://api.github.com/users/rachelbaker","https://github.com/rachelbaker","https://api.github.com/users/rachelbaker/followers","https://api.github.com/users/rachelbaker/following{/other_user}","https://api.github.com/users/rachelbaker/gists{/gist_id}","https://api.github.com/users/rachelbaker/starred{/owner}{/repo}","https://api.github.com/users/rachelbaker/subscriptions","https://api.github.com/users/rachelbaker/orgs","https://api.github.com/users/rachelbaker/repos","https://api.github.com/users/rachelbaker/events{/privacy}","https://api.github.com/users/rachelbaker/received_events",User,false,125
906334,helen,MDQ6VXNlcjkwNjMzNA==,"https://avatars.githubusercontent.com/u/906334?v=4",,"https://api.github.com/users/helen",https://github.com/helen,"https://api.github.com/users/helen/followers","https://api.github.com/users/helen/following{/other_user}","https://api.github.com/users/helen/gists{/gist_id}","https://api.github.com/users/helen/starred{/owner}{/repo}","https://api.github.com/users/helen/subscriptions","https://api.github.com/users/helen/orgs","https://api.github.com/users/helen/repos","https://api.github.com/users/helen/events{/privacy}","https://api.github.com/users/helen/received_events",User,false,574
